"region","avstånd från hållplats","bostadsbestånd","2014","2015","2016","2017","2018","2019","2020","2021"
"0114 Upplands Väsby","inom 500 meter från hållplats","samtliga bostäder",17723,18314,18542,18867,19281,19829,20145,20326
"0115 Vallentuna","inom 500 meter från hållplats","samtliga bostäder",10080,10004,10229,10615,10603,11085,10891,11107
"0117 Österåker","inom 500 meter från hållplats","samtliga bostäder",13059,13254,13546,13878,14071,14604,14920,14973
"0120 Värmdö","inom 500 meter från hållplats","samtliga bostäder",11615,11924,12216,12908,14365,14689,14771,15030
"0123 Järfälla","inom 500 meter från hållplats","samtliga bostäder",28664,29337,31009,31583,32651,33027,33626,35352
"0125 Ekerö","inom 500 meter från hållplats","samtliga bostäder",7884,7984,8016,8181,8426,8447,8576,8691
"0126 Huddinge","inom 500 meter från hållplats","samtliga bostäder",39732,39811,41107,42540,43262,43081,43952,44192
"0127 Botkyrka","inom 500 meter från hållplats","samtliga bostäder",31933,32093,32282,32910,33525,34118,34402,34702
"0128 Salem","inom 500 meter från hållplats","samtliga bostäder",5932,6009,6038,6086,6151,6166,6294,6381
"0136 Haninge","inom 500 meter från hållplats","samtliga bostäder",30416,30838,31257,32288,33147,34253,35148,35469
"0138 Tyresö","inom 500 meter från hållplats","samtliga bostäder",16697,17217,17500,17857,18403,18938,19020,19130
"0139 Upplands-Bro","inom 500 meter från hållplats","samtliga bostäder",8801,9046,9258,9407,9984,10911,11026,11124
"0140 Nykvarn","inom 500 meter från hållplats","samtliga bostäder",2757,2753,2782,2853,3075,3230,3105,3352
"0160 Täby","inom 500 meter från hållplats","samtliga bostäder",25829,26580,27196,27312,28085,29544,29936,30508
"0162 Danderyd","inom 500 meter från hållplats","samtliga bostäder",11712,11725,11834,11989,12150,12131,12214,12322
"0163 Sollentuna","inom 500 meter från hållplats","samtliga bostäder",27010,27545,27862,28309,28520,28997,29673,30605
"0180 Stockholm","inom 500 meter från hållplats","samtliga bostäder",458229,462710,467006,475076,483368,488797,492795,495549
"0181 Södertälje","inom 500 meter från hållplats","samtliga bostäder",35789,35867,35997,36447,38081,38341,38881,39180
"0182 Nacka","inom 500 meter från hållplats","samtliga bostäder",36830,37448,37997,38648,40128,40865,41404,42726
"0183 Sundbyberg","inom 500 meter från hållplats","samtliga bostäder",22290,22790,23363,23957,24779,25520,25977,26635
"0184 Solna","inom 500 meter från hållplats","samtliga bostäder",38815,39936,40487,41110,41649,42905,43109,44231
"0186 Lidingö","inom 500 meter från hållplats","samtliga bostäder",19242,19572,19441,19749,20232,20593,20525,20723
"0187 Vaxholm","inom 500 meter från hållplats","samtliga bostäder",3571,3629,3707,3958,4257,4268,4364,4345
"0188 Norrtälje","inom 500 meter från hållplats","samtliga bostäder",19550,19763,20049,20796,22658,23342,23509,23967
"0191 Sigtuna","inom 500 meter från hållplats","samtliga bostäder",16848,17002,17522,17618,17867,18302,18401,18706
"0192 Nynäshamn","inom 500 meter från hållplats","samtliga bostäder",10644,10720,10777,10887,11224,11310,11289,11746
"0305 Håbo","inom 500 meter från hållplats","samtliga bostäder",6788,6806,6863,6930,7553,7756,7785,8070
"0319 Älvkarleby","inom 500 meter från hållplats","samtliga bostäder",3275,3215,3218,3223,3479,3627,3823,3670
"0330 Knivsta","inom 500 meter från hållplats","samtliga bostäder",4413,4548,4625,4861,5163,5182,5660,5924
"0331 Heby","inom 500 meter från hållplats","samtliga bostäder",4033,4061,4064,4090,4191,4228,4250,4357
"0360 Tierp","inom 500 meter från hållplats","samtliga bostäder",7056,6590,6602,6636,6906,6921,7174,7077
"0380 Uppsala","inom 500 meter från hållplats","samtliga bostäder",93028,94688,96584,99684,103137,105132,106926,109210
"0381 Enköping","inom 500 meter från hållplats","samtliga bostäder",13727,14011,14429,14674,15668,16379,16645,16917
"0382 Östhammar","inom 500 meter från hållplats","samtliga bostäder",6409,6431,6441,6447,6784,6791,6827,6687
"0428 Vingåker","inom 500 meter från hållplats","samtliga bostäder",2892,2896,2925,2963,3411,3365,3372,3421
"0461 Gnesta","inom 500 meter från hållplats","samtliga bostäder",3150,3212,3213,3226,3393,3436,3481,3484
"0480 Nyköping","inom 500 meter från hållplats","samtliga bostäder",22442,22672,22601,22737,23200,23827,24290,24541
"0481 Oxelösund","inom 500 meter från hållplats","samtliga bostäder",5347,5349,5351,5360,5396,5426,5433,5473
"0482 Flen","inom 500 meter från hållplats","samtliga bostäder",5680,5600,5602,6345,6333,6377,6394,6177
"0483 Katrineholm","inom 500 meter från hållplats","samtliga bostäder",13342,13438,13462,13466,13971,14020,14105,14462
"0484 Eskilstuna","inom 500 meter från hållplats","samtliga bostäder",42573,43015,42993,43203,43879,44186,44558,45256
"0486 Strängnäs","inom 500 meter från hållplats","samtliga bostäder",11859,11983,12086,12234,12504,12884,13127,13087
"0488 Trosa","inom 500 meter från hållplats","samtliga bostäder",3237,3307,3339,3213,3741,3912,3942,4019
"0509 Ödeshög","inom 500 meter från hållplats","samtliga bostäder",1256,1261,1166,1243,1412,1411,1359,1359
"0512 Ydre","inom 500 meter från hållplats","samtliga bostäder",702,705,705,705,708,707,707,711
"0513 Kinda","inom 500 meter från hållplats","samtliga bostäder",2037,2043,2003,2020,2043,2068,2066,1720
"0560 Boxholm","inom 500 meter från hållplats","samtliga bostäder",1492,1491,1499,1522,1513,1519,1517,1516
"0561 Åtvidaberg","inom 500 meter från hållplats","samtliga bostäder",2763,2738,2879,3052,4212,4101,4100,4186
"0562 Finspång","inom 500 meter från hållplats","samtliga bostäder",7854,7825,7828,7909,8363,8480,8485,8499
"0563 Valdemarsvik","inom 500 meter från hållplats","samtliga bostäder",2006,2004,2004,2014,2248,2247,2064,2071
"0580 Linköping","inom 500 meter från hållplats","samtliga bostäder",67416,68226,69201,71813,74001,75069,75920,77343
"0581 Norrköping","inom 500 meter från hållplats","samtliga bostäder",57838,58577,59296,60017,61274,61915,61879,62842
"0582 Söderköping","inom 500 meter från hållplats","samtliga bostäder",3830,3859,3918,3910,3958,3838,3938,3969
"0583 Motala","inom 500 meter från hållplats","samtliga bostäder",17871,17991,17820,17933,18174,18273,18400,18517
"0584 Vadstena","inom 500 meter från hållplats","samtliga bostäder",2524,2662,2602,2619,2613,2650,2672,2684
"0586 Mjölby","inom 500 meter från hållplats","samtliga bostäder",9025,9029,8940,9152,9094,9164,9175,9237
"0604 Aneby","inom 500 meter från hållplats","samtliga bostäder",1750,1750,1817,1844,1803,1818,1838,1839
"0617 Gnosjö","inom 500 meter från hållplats","samtliga bostäder",1681,1682,1686,1733,1866,1868,2383,2247
"0642 Mullsjö","inom 500 meter från hållplats","samtliga bostäder",2357,2366,2375,2436,2453,2462,2187,2185
"0643 Habo","inom 500 meter från hållplats","samtliga bostäder",3241,3172,3288,3334,3344,3339,3075,3399
"0662 Gislaved","inom 500 meter från hållplats","samtliga bostäder",8186,7946,7983,7932,8031,8072,8033,8091
"0665 Vaggeryd","inom 500 meter från hållplats","samtliga bostäder",3283,3261,3265,3271,3316,3520,3519,3516
"0680 Jönköping","inom 500 meter från hållplats","samtliga bostäder",57818,58123,58956,60075,60648,61691,62274,63111
"0682 Nässjö","inom 500 meter från hållplats","samtliga bostäder",11637,12139,12140,12262,12610,12713,12522,12805
"0683 Värnamo","inom 500 meter från hållplats","samtliga bostäder",9060,10237,10471,10721,12218,12302,11702,12219
"0684 Sävsjö","inom 500 meter från hållplats","samtliga bostäder",2947,2917,2904,2984,2995,3134,2973,3108
"0685 Vetlanda","inom 500 meter från hållplats","samtliga bostäder",7970,7772,8822,9213,9717,9641,8357,9618
"0686 Eksjö","inom 500 meter från hållplats","samtliga bostäder",6090,6146,6058,6159,6338,6400,6383,6430
"0687 Tranås","inom 500 meter från hållplats","samtliga bostäder",5569,5569,5569,5598,5885,5957,5268,5451
"0760 Uppvidinge","inom 500 meter från hållplats","samtliga bostäder",2942,2942,2943,3034,3125,3167,3122,3147
"0761 Lessebo","inom 500 meter från hållplats","samtliga bostäder",2382,2383,2383,2585,2604,2613,2631,2706
"0763 Tingsryd","inom 500 meter från hållplats","samtliga bostäder",3615,3666,3679,3728,3769,3770,3789,3773
"0764 Alvesta","inom 500 meter från hållplats","samtliga bostäder",5122,5038,5207,5235,5838,5862,5922,5881
"0765 Älmhult","inom 500 meter från hållplats","samtliga bostäder",3785,4136,4003,3885,5301,5438,5555,5600
"0767 Markaryd","inom 500 meter från hållplats","samtliga bostäder",2862,2918,2918,2979,2998,2996,2996,3019
"0780 Växjö","inom 500 meter från hållplats","samtliga bostäder",36707,37041,37383,38199,40377,40919,41321,42127
"0781 Ljungby","inom 500 meter från hållplats","samtliga bostäder",5981,6403,6422,6503,6586,6848,6954,7054
"0821 Högsby","inom 500 meter från hållplats","samtliga bostäder",1715,1715,1715,1836,1964,1958,1967,1964
"0834 Torsås","inom 500 meter från hållplats","samtliga bostäder",1649,1649,1649,1661,1657,1651,1656,1638
"0840 Mörbylånga","inom 500 meter från hållplats","samtliga bostäder",4199,4296,4405,3918,4144,4200,4235,4295
"0860 Hultsfred","inom 500 meter från hållplats","samtliga bostäder",4264,4566,4580,4573,4677,5206,4743,4678
"0861 Mönsterås","inom 500 meter från hållplats","samtliga bostäder",4215,4209,4226,4280,4540,4542,4656,4671
"0862 Emmaboda","inom 500 meter från hållplats","samtliga bostäder",1438,1438,1297,1302,1298,1317,1312,1348
"0880 Kalmar","inom 500 meter från hållplats","samtliga bostäder",27282,27420,27443,27844,28512,29387,29586,30165
"0881 Nybro","inom 500 meter från hållplats","samtliga bostäder",4286,4341,4314,4352,5062,5849,5130,5228
"0882 Oskarshamn","inom 500 meter från hållplats","samtliga bostäder",10978,10985,10992,11058,11229,11250,11257,11281
"0883 Västervik","inom 500 meter från hållplats","samtliga bostäder",14128,13896,13938,13945,14842,14676,14498,14475
"0884 Vimmerby","inom 500 meter från hållplats","samtliga bostäder",4582,4590,4590,4619,4859,4865,4699,4734
"0885 Borgholm","inom 500 meter från hållplats","samtliga bostäder",2071,2086,2304,2218,2495,2317,2508,2304
"0980 Gotland","inom 500 meter från hållplats","samtliga bostäder",16455,16959,17645,17873,19115,19423,20069,20217
"1060 Olofström","inom 500 meter från hållplats","samtliga bostäder",4408,4284,4232,4236,3973,3922,3931,4311
"1080 Karlskrona","inom 500 meter från hållplats","samtliga bostäder",24500,24558,24562,25581,25960,25846,26271,26400
"1081 Ronneby","inom 500 meter från hållplats","samtliga bostäder",8898,9067,8917,8914,9505,9638,9637,9684
"1082 Karlshamn","inom 500 meter från hållplats","samtliga bostäder",12493,12394,12540,12706,13042,13039,12910,12823
"1083 Sölvesborg","inom 500 meter från hållplats","samtliga bostäder",6190,6297,6342,6264,6170,6095,6153,6165
"1214 Svalöv","inom 500 meter från hållplats","samtliga bostäder",3523,3579,3586,3713,3747,3682,3729,3748
"1230 Staffanstorp","inom 500 meter från hållplats","samtliga bostäder",7054,7083,7726,7826,7964,8257,8408,8528
"1231 Burlöv","inom 500 meter från hållplats","samtliga bostäder",6145,6153,6139,6225,6283,6571,7166,7216
"1233 Vellinge","inom 500 meter från hållplats","samtliga bostäder",9833,9940,10090,10349,10563,10474,10555,10721
"1256 Östra Göinge","inom 500 meter från hållplats","samtliga bostäder",3712,3603,3578,3638,3653,3676,3674,3664
"1257 Örkelljunga","inom 500 meter från hållplats","samtliga bostäder",2373,2387,2401,2405,2492,2511,2523,2553
"1260 Bjuv","inom 500 meter från hållplats","samtliga bostäder",4909,4910,4910,4920,4954,4986,4992,4667
"1261 Kävlinge","inom 500 meter från hållplats","samtliga bostäder",6561,7073,6695,6769,6858,6947,7049,7104
"1262 Lomma","inom 500 meter från hållplats","samtliga bostäder",7870,7939,8153,8342,8615,8594,8964,8965
"1263 Svedala","inom 500 meter från hållplats","samtliga bostäder",6194,6234,6247,6461,6614,6788,6839,6948
"1264 Skurup","inom 500 meter från hållplats","samtliga bostäder",2910,2919,3382,3398,3528,3605,3738,3913
"1265 Sjöbo","inom 500 meter från hållplats","samtliga bostäder",3560,4400,3619,3693,3734,3745,3735,3770
"1266 Hörby","inom 500 meter från hållplats","samtliga bostäder",3058,3136,3139,3158,2991,3211,3220,3286
"1267 Höör","inom 500 meter från hållplats","samtliga bostäder",4365,4562,4473,4500,4523,4557,4524,4699
"1270 Tomelilla","inom 500 meter från hållplats","samtliga bostäder",2568,2945,2598,2646,3031,3618,3665,3675
"1272 Bromölla","inom 500 meter från hållplats","samtliga bostäder",3521,3521,3555,3644,3610,3654,3647,3648
"1273 Osby","inom 500 meter från hållplats","samtliga bostäder",2970,3308,3310,3352,3411,3432,3435,3077
"1275 Perstorp","inom 500 meter från hållplats","samtliga bostäder",1002,1002,1003,1003,1008,1003,998,1046
"1276 Klippan","inom 500 meter från hållplats","samtliga bostäder",3998,4010,4011,4046,4059,4057,4113,4141
"1277 Åstorp","inom 500 meter från hållplats","samtliga bostäder",4578,4579,4511,4549,4618,4630,5022,4637
"1278 Båstad","inom 500 meter från hållplats","samtliga bostäder",3932,3941,3608,4330,4495,4646,4774,4785
"1280 Malmö","inom 500 meter från hållplats","samtliga bostäder",151547,152770,154324,158311,162130,164687,168186,170727
"1281 Lund","inom 500 meter från hållplats","samtliga bostäder",54926,55496,56296,57368,57933,60056,60316,61701
"1282 Landskrona","inom 500 meter från hållplats","samtliga bostäder",18227,18347,18438,18573,18743,18819,18727,19361
"1283 Helsingborg","inom 500 meter från hållplats","samtliga bostäder",61913,62146,63316,65144,66418,67018,67360,68169
"1284 Höganäs","inom 500 meter från hållplats","samtliga bostäder",9488,9509,9576,9630,9723,9737,9950,9897
"1285 Eslöv","inom 500 meter från hållplats","samtliga bostäder",11498,11635,11812,11678,11744,11844,12094,11902
"1286 Ystad","inom 500 meter från hållplats","samtliga bostäder",11822,12005,11878,12097,12366,12544,12813,13201
"1287 Trelleborg","inom 500 meter från hållplats","samtliga bostäder",16832,16976,17173,17499,18050,18167,17892,18178
"1290 Kristianstad","inom 500 meter från hållplats","samtliga bostäder",28433,28638,29034,29290,29525,30232,30384,30511
"1291 Simrishamn","inom 500 meter från hållplats","samtliga bostäder",6202,7810,6636,6654,7493,7533,7527,7635
"1292 Ängelholm","inom 500 meter från hållplats","samtliga bostäder",15537,15623,15771,15941,16579,16947,17244,17557
"1293 Hässleholm","inom 500 meter från hållplats","samtliga bostäder",14339,15076,15078,15147,15195,15072,15339,15245
"1315 Hylte","inom 500 meter från hållplats","samtliga bostäder",2702,2702,2666,2654,2792,2813,2862,2850
"1380 Halmstad","inom 500 meter från hållplats","samtliga bostäder",41747,42029,42398,43385,44028,44553,45324,45733
"1381 Laholm","inom 500 meter från hållplats","samtliga bostäder",7283,7292,6965,7019,7765,7502,7617,7992
"1382 Falkenberg","inom 500 meter från hållplats","samtliga bostäder",15284,15295,15039,15276,15878,16300,16511,16826
"1383 Varberg","inom 500 meter från hållplats","samtliga bostäder",21327,21268,21468,21798,22470,22853,23125,23729
"1384 Kungsbacka","inom 500 meter från hållplats","samtliga bostäder",21730,21995,22497,23045,23676,23963,24891,24678
"1401 Härryda","inom 500 meter från hållplats","samtliga bostäder",11649,11749,11820,12106,12168,12329,12690,13083
"1402 Partille","inom 500 meter från hållplats","samtliga bostäder",14312,14436,14534,14839,15419,15514,15534,15532
"1407 Öckerö","inom 500 meter från hållplats","samtliga bostäder",4384,4406,4436,4521,4502,4784,4798,4792
"1415 Stenungsund","inom 500 meter från hållplats","samtliga bostäder",7906,7922,7992,8187,8244,8453,8666,8915
"1419 Tjörn","inom 500 meter från hållplats","samtliga bostäder",4255,4262,4261,4788,5218,5104,5213,5232
"1421 Orust","inom 500 meter från hållplats","samtliga bostäder",3857,3865,3879,3893,3983,4022,4065,4024
"1427 Sotenäs","inom 500 meter från hållplats","samtliga bostäder",3255,3260,3316,3461,3589,3638,3616,3612
"1430 Munkedal","inom 500 meter från hållplats","samtliga bostäder",2894,2926,2938,2940,2835,2870,2885,2891
"1435 Tanum","inom 500 meter från hållplats","samtliga bostäder",2220,2224,2281,2279,2845,2583,2594,2674
"1438 Dals-Ed","inom 500 meter från hållplats","samtliga bostäder",1127,1133,1315,1415,1434,1778,1431,1428
"1439 Färgelanda","inom 500 meter från hållplats","samtliga bostäder",1749,1749,1749,1749,1752,1741,1753,1749
"1440 Ale","inom 500 meter från hållplats","samtliga bostäder",9240,9399,9552,10011,10120,10917,11006,11212
"1441 Lerum","inom 500 meter från hållplats","samtliga bostäder",12121,12196,12624,13019,13345,13579,13630,13656
"1442 Vårgårda","inom 500 meter från hållplats","samtliga bostäder",2618,2696,2769,2917,2955,2993,3003,3038
"1443 Bollebygd","inom 500 meter från hållplats","samtliga bostäder",1731,1803,1861,1917,1924,1942,1948,1980
"1444 Grästorp","inom 500 meter från hållplats","samtliga bostäder",1052,1134,1136,1146,1236,1239,1308,834
"1445 Essunga","inom 500 meter från hållplats","samtliga bostäder",1063,988,1064,1171,1379,1429,1458,1461
"1446 Karlsborg","inom 500 meter från hållplats","samtliga bostäder",2628,2645,2700,2704,2755,2768,2745,2759
"1447 Gullspång","inom 500 meter från hållplats","samtliga bostäder",1566,1568,1568,1658,1968,1970,1963,1987
"1452 Tranemo","inom 500 meter från hållplats","samtliga bostäder",2603,2611,2627,2630,3444,3473,2981,3558
"1460 Bengtsfors","inom 500 meter från hållplats","samtliga bostäder",2161,2162,2224,2235,3126,3144,3119,3105
"1461 Mellerud","inom 500 meter från hållplats","samtliga bostäder",2109,2091,2109,2087,2267,2296,2291,2292
"1462 Lilla Edet","inom 500 meter från hållplats","samtliga bostäder",4116,4108,4132,4169,4242,4241,4278,4295
"1463 Mark","inom 500 meter från hållplats","samtliga bostäder",9001,9103,9134,9187,9313,9294,9356,9439
"1465 Svenljunga","inom 500 meter från hållplats","samtliga bostäder",2575,2575,2594,2650,2684,2726,2724,2731
"1466 Herrljunga","inom 500 meter från hållplats","samtliga bostäder",1889,1889,1782,1798,1837,1849,1367,2216
"1470 Vara","inom 500 meter från hållplats","samtliga bostäder",3279,3287,3287,3307,4036,3982,3914,4104
"1471 Götene","inom 500 meter från hållplats","samtliga bostäder",3086,3086,3083,3114,3237,3380,3200,3207
"1472 Tibro","inom 500 meter från hållplats","samtliga bostäder",3469,3476,3480,3527,3611,3619,3633,2346
"1473 Töreboda","inom 500 meter från hållplats","samtliga bostäder",2285,2302,2306,2400,2403,2477,2478,2470
"1480 Göteborg","inom 500 meter från hållplats","samtliga bostäder",258108,260488,262473,265762,269491,273173,278047,283235
"1481 Mölndal","inom 500 meter från hållplats","samtliga bostäder",26125,26415,26996,28165,28769,29036,29424,29453
"1482 Kungälv","inom 500 meter från hållplats","samtliga bostäder",13216,13396,13468,13767,14427,15560,16092,16250
"1484 Lysekil","inom 500 meter från hållplats","samtliga bostäder",5997,6001,6016,5989,6336,6159,6230,6231
"1485 Uddevalla","inom 500 meter från hållplats","samtliga bostäder",22184,22175,22306,22595,23013,23180,23231,23328
"1486 Strömstad","inom 500 meter från hållplats","samtliga bostäder",3796,3814,3996,3992,4176,4260,4589,4516
"1487 Vänersborg","inom 500 meter från hållplats","samtliga bostäder",14797,14879,14840,15118,14732,15343,15577,15800
"1488 Trollhättan","inom 500 meter från hållplats","samtliga bostäder",24953,25111,25244,25809,25881,26298,26505,26602
"1489 Alingsås","inom 500 meter från hållplats","samtliga bostäder",13919,14064,14303,14559,15116,15602,15909,15938
"1490 Borås","inom 500 meter från hållplats","samtliga bostäder",46314,46180,46298,46884,47284,47616,47578,47745
"1491 Ulricehamn","inom 500 meter från hållplats","samtliga bostäder",7729,7819,7996,8112,8192,8222,8409,8494
"1492 Åmål","inom 500 meter från hållplats","samtliga bostäder",4989,4959,4975,5032,5356,5347,5375,5365
"1493 Mariestad","inom 500 meter från hållplats","samtliga bostäder",9311,9299,9355,9498,9464,9718,9754,9948
"1494 Lidköping","inom 500 meter från hållplats","samtliga bostäder",14973,15041,15236,15342,15639,15679,15717,15804
"1495 Skara","inom 500 meter från hållplats","samtliga bostäder",5591,6810,7292,7224,7299,7232,7239,7228
"1496 Skövde","inom 500 meter från hållplats","samtliga bostäder",22904,23048,22971,23343,24031,24700,25004,25156
"1497 Hjo","inom 500 meter från hållplats","samtliga bostäder",2996,2998,2999,3038,3072,3078,3065,3081
"1498 Tidaholm","inom 500 meter från hållplats","samtliga bostäder",4219,4187,4159,4163,4388,4388,4234,4440
"1499 Falköping","inom 500 meter från hållplats","samtliga bostäder",11270,11284,11315,11406,11430,11514,11583,11626
"1715 Kil","inom 500 meter från hållplats","samtliga bostäder",2415,2416,2545,2596,2594,2631,2632,2641
"1730 Eda","inom 500 meter från hållplats","samtliga bostäder",1431,1440,1472,1482,1892,1869,1869,1861
"1737 Torsby","inom 500 meter från hållplats","samtliga bostäder",1361,1361,1349,1218,2113,2041,2123,2310
"1760 Storfors","inom 500 meter från hållplats","samtliga bostäder",875,956,956,998,994,996,1004,996
"1761 Hammarö","inom 500 meter från hållplats","samtliga bostäder",5200,5197,5286,5294,5357,5445,5472,5474
"1762 Munkfors","inom 500 meter från hållplats","samtliga bostäder",1020,1020,1020,1119,1139,1155,1154,1150
"1763 Forshaga","inom 500 meter från hållplats","samtliga bostäder",3629,3629,3629,3698,3718,3735,3746,3744
"1764 Grums","inom 500 meter från hållplats","samtliga bostäder",3268,3273,3276,3281,3303,3257,3121,3118
"1765 Årjäng","inom 500 meter från hållplats","samtliga bostäder",1089,1138,1138,1148,1150,1153,1660,1712
"1766 Sunne","inom 500 meter från hållplats","samtliga bostäder",2023,2167,2319,2323,2366,2417,2456,2495
"1780 Karlstad","inom 500 meter från hållplats","samtliga bostäder",42751,42985,43838,44409,45447,46157,46762,47180
"1781 Kristinehamn","inom 500 meter från hållplats","samtliga bostäder",7539,7455,6566,5812,5809,8299,8334,8356
"1782 Filipstad","inom 500 meter från hållplats","samtliga bostäder",2921,2922,2922,2928,2959,2946,2963,2956
"1783 Hagfors","inom 500 meter från hållplats","samtliga bostäder",3387,3388,3388,3404,4028,4074,4055,4044
"1784 Arvika","inom 500 meter från hållplats","samtliga bostäder",9125,9146,7265,7504,7679,9880,9859,9917
"1785 Säffle","inom 500 meter från hållplats","samtliga bostäder",4634,4840,3953,4051,4093,5230,5241,5280
"1814 Lekeberg","inom 500 meter från hållplats","samtliga bostäder",1574,1696,1718,1795,1819,1846,1910,1945
"1860 Laxå","inom 500 meter från hållplats","samtliga bostäder",1061,1347,1823,1847,1428,1320,1309,1315
"1861 Hallsberg","inom 500 meter från hållplats","samtliga bostäder",4512,4714,4939,4938,4765,4718,4846,4841
"1862 Degerfors","inom 500 meter från hållplats","samtliga bostäder",2624,2624,3487,3664,3675,3679,3664,3665
"1863 Hällefors","inom 500 meter från hållplats","samtliga bostäder",2404,2401,2253,2268,2273,2353,2271,2264
"1864 Ljusnarsberg","inom 500 meter från hållplats","samtliga bostäder",1353,1363,1363,1351,1360,1362,1362,1361
"1880 Örebro","inom 500 meter från hållplats","samtliga bostäder",63577,65677,65885,67962,68976,69091,70465,70973
"1881 Kumla","inom 500 meter från hållplats","samtliga bostäder",7555,7549,7870,7922,7424,7729,7586,8045
"1882 Askersund","inom 500 meter från hållplats","samtliga bostäder",2407,2448,2243,2405,2407,2363,2478,2470
"1883 Karlskoga","inom 500 meter från hållplats","samtliga bostäder",13853,13735,13004,13094,13266,13374,13404,13186
"1884 Nora","inom 500 meter från hållplats","samtliga bostäder",3807,3832,3981,3996,4014,4006,4022,4041
"1885 Lindesberg","inom 500 meter från hållplats","samtliga bostäder",6237,6238,6298,6409,6524,6542,6584,6577
"1904 Skinnskatteberg","inom 500 meter från hållplats","samtliga bostäder",1395,1242,1237,1270,1668,1674,1578,1278
"1907 Surahammar","inom 500 meter från hållplats","samtliga bostäder",3009,3009,1244,1819,2170,2771,2803,1880
"1960 Kungsör","inom 500 meter från hållplats","samtliga bostäder",2597,2237,2245,2249,2254,2228,2025,2011
"1961 Hallstahammar","inom 500 meter från hållplats","samtliga bostäder",5423,5466,3817,3859,3871,3897,3856,5587
"1962 Norberg","inom 500 meter från hållplats","samtliga bostäder",2646,2644,2616,2568,2590,2576,2577,2569
"1980 Västerås","inom 500 meter från hållplats","samtliga bostäder",60452,62120,62546,64049,66692,67760,66438,67072
"1981 Sala","inom 500 meter från hållplats","samtliga bostäder",7917,8513,8505,8574,8623,8656,8687,8671
"1982 Fagersta","inom 500 meter från hållplats","samtliga bostäder",5088,5088,5088,5097,5107,5082,5063,5082
"1983 Köping","inom 500 meter från hållplats","samtliga bostäder",4814,4817,4861,4864,4889,4894,4898,4877
"1984 Arboga","inom 500 meter från hållplats","samtliga bostäder",4254,4460,4904,4920,5028,5037,5015,2196
"2021 Vansbro","inom 500 meter från hållplats","samtliga bostäder",1250,1681,1621,1511,1976,1993,1039,1821
"2023 Malung-Sälen","inom 500 meter från hållplats","samtliga bostäder",1898,1886,1665,2070,2058,2196,3683,3720
"2026 Gagnef","inom 500 meter från hållplats","samtliga bostäder",1303,1878,1844,1868,2141,2155,2265,2363
"2029 Leksand","inom 500 meter från hållplats","samtliga bostäder",4872,5030,5045,5094,5502,5607,4191,4210
"2031 Rättvik","inom 500 meter från hållplats","samtliga bostäder",3407,3434,3436,3431,3723,3964,3049,3071
"2034 Orsa","inom 500 meter från hållplats","samtliga bostäder",2167,2260,2157,2227,3087,2877,2952,2956
"2039 Älvdalen","inom 500 meter från hållplats","samtliga bostäder",839,1183,1172,1169,2038,1966,2117,2149
"2061 Smedjebacken","inom 500 meter från hållplats","samtliga bostäder",3356,3300,3509,3599,3673,4179,4159,4142
"2062 Mora","inom 500 meter från hållplats","samtliga bostäder",7990,7893,7988,8048,8689,8771,8831,8858
"2080 Falun","inom 500 meter från hållplats","samtliga bostäder",23754,24235,24084,24308,24861,25640,26040,26334
"2081 Borlänge","inom 500 meter från hållplats","samtliga bostäder",21651,22031,22437,22608,22960,23260,23370,23526
"2082 Säter","inom 500 meter från hållplats","samtliga bostäder",3093,3583,3584,3582,3967,3937,4025,2751
"2083 Hedemora","inom 500 meter från hållplats","samtliga bostäder",4519,5495,5561,5667,6262,6260,6261,5614
"2084 Avesta","inom 500 meter från hållplats","samtliga bostäder",9195,9321,9264,9433,9978,9791,9735,8946
"2085 Ludvika","inom 500 meter från hållplats","samtliga bostäder",11422,11560,11553,11637,12142,12645,12674,12726
"2101 Ockelbo","inom 500 meter från hållplats","samtliga bostäder",1241,1241,1241,1245,1248,1254,1256,1275
"2104 Hofors","inom 500 meter från hållplats","samtliga bostäder",3844,3844,3844,3844,3846,3843,3839,3823
"2121 Ovanåker","inom 500 meter från hållplats","samtliga bostäder",2873,2904,2912,2931,3157,2974,3027,3360
"2132 Nordanstig","inom 500 meter från hållplats","samtliga bostäder",2622,2810,2566,2583,2901,2938,2939,2936
"2161 Ljusdal","inom 500 meter från hållplats","samtliga bostäder",5226,5209,6013,6111,6013,6085,6101,6116
"2180 Gävle","inom 500 meter från hållplats","samtliga bostäder",45120,45187,45563,46684,47337,48070,48269,48819
"2181 Sandviken","inom 500 meter från hållplats","samtliga bostäder",16354,16403,16017,16075,16588,16712,16763,16759
"2182 Söderhamn","inom 500 meter från hållplats","samtliga bostäder",11188,11188,11192,11318,11296,11322,11289,11138
"2183 Bollnäs","inom 500 meter från hållplats","samtliga bostäder",10186,10186,10187,10258,10410,10330,10419,10229
"2184 Hudiksvall","inom 500 meter från hållplats","samtliga bostäder",13688,13702,13718,13769,14269,14553,14506,14512
"2260 Ånge","inom 500 meter från hållplats","samtliga bostäder",1582,1705,1655,1673,3198,3376,3229,3209
"2262 Timrå","inom 500 meter från hållplats","samtliga bostäder",5497,4673,5600,5762,6009,6436,6645,6575
"2280 Härnösand","inom 500 meter från hållplats","samtliga bostäder",11117,11134,11156,11272,11345,11369,11398,11400
"2281 Sundsvall","inom 500 meter från hållplats","samtliga bostäder",39207,38643,40625,41620,42754,43152,43451,44004
"2282 Kramfors","inom 500 meter från hållplats","samtliga bostäder",3945,4963,4973,5883,6069,6150,6045,6309
"2283 Sollefteå","inom 500 meter från hållplats","samtliga bostäder",5835,6361,5805,5845,6324,6333,6328,6287
"2284 Örnsköldsvik","inom 500 meter från hållplats","samtliga bostäder",18485,18873,17944,19406,19966,20076,20196,20088
"2303 Ragunda","inom 500 meter från hållplats","samtliga bostäder",835,835,827,828,1357,1369,1254,1241
"2305 Bräcke","inom 500 meter från hållplats","samtliga bostäder",1564,1564,1306,1358,1742,1453,1357,1363
"2309 Krokom","inom 500 meter från hållplats","samtliga bostäder",3049,3282,3335,3327,3874,3875,3946,4035
"2313 Strömsund","inom 500 meter från hållplats","samtliga bostäder",1622,1560,1574,1584,2504,2490,2478,2506
"2321 Åre","inom 500 meter från hållplats","samtliga bostäder",2790,2856,3346,3763,4397,4548,4686,4763
"2326 Berg","inom 500 meter från hållplats","samtliga bostäder",1074,1064,1074,1146,1399,1424,1418,1426
"2361 Härjedalen","inom 500 meter från hållplats","samtliga bostäder",1598,1687,1503,1956,2501,2511,2636,2724
"2380 Östersund","inom 500 meter från hållplats","samtliga bostäder",30332,30520,31089,31416,31839,32206,32528,32645
"2401 Nordmaling","inom 500 meter från hållplats","samtliga bostäder",1678,1751,1761,1677,1953,1947,1915,1916
"2403 Bjurholm","inom 500 meter från hållplats","samtliga bostäder",321,344,326,329,327,328,328,331
"2404 Vindeln","inom 500 meter från hållplats","samtliga bostäder",1107,989,1080,1085,1194,1246,1387,1351
"2409 Robertsfors","inom 500 meter från hållplats","samtliga bostäder",933,1098,1091,1114,1197,1201,1210,1272
"2417 Norsjö","inom 500 meter från hållplats","samtliga bostäder",859,858,916,775,1153,1145,1147,1150
"2418 Malå","inom 500 meter från hållplats","samtliga bostäder",439,439,437,480,545,547,547,546
"2421 Storuman","inom 500 meter från hållplats","samtliga bostäder",841,1210,1148,1137,1622,1645,1728,1738
"2422 Sorsele","inom 500 meter från hållplats","samtliga bostäder",440,440,440,418,493,501,534,508
"2425 Dorotea","inom 500 meter från hållplats","samtliga bostäder",473,473,473,475,606,602,599,507
"2460 Vännäs","inom 500 meter från hållplats","samtliga bostäder",1728,1730,1771,2449,2738,2792,2784,3053
"2462 Vilhelmina","inom 500 meter från hållplats","samtliga bostäder",572,1378,1343,1261,1310,1309,1302,1303
"2463 Åsele","inom 500 meter från hållplats","samtliga bostäder",511,511,562,558,555,558,555,555
"2480 Umeå","inom 500 meter från hållplats","samtliga bostäder",54734,55513,57131,58298,60417,61043,61923,62681
"2481 Lycksele","inom 500 meter från hållplats","samtliga bostäder",3430,2366,2335,2370,3110,2819,3121,2830
"2482 Skellefteå","inom 500 meter från hållplats","samtliga bostäder",14666,27787,27993,28290,28595,28733,28989,29416
"2505 Arvidsjaur","inom 500 meter från hållplats","samtliga bostäder",725,725,725,731,1115,1120,1089,1084
"2506 Arjeplog","inom 500 meter från hållplats","samtliga bostäder",412,412,464,459,456,457,414,412
"2510 Jokkmokk","inom 500 meter från hållplats","samtliga bostäder",1022,1022,927,945,974,971,970,954
"2513 Överkalix","inom 500 meter från hållplats","samtliga bostäder",313,313,313,309,509,744,523,518
"2514 Kalix","inom 500 meter från hållplats","samtliga bostäder",3192,3452,3933,4019,4819,4801,4730,5188
"2518 Övertorneå","inom 500 meter från hållplats","samtliga bostäder",400,400,410,413,635,639,638,639
"2521 Pajala","inom 500 meter från hållplats","samtliga bostäder",517,517,517,513,696,757,693,697
"2523 Gällivare","inom 500 meter från hållplats","samtliga bostäder",2474,2512,6109,6228,7134,7485,6753,6619
"2560 Älvsbyn","inom 500 meter från hållplats","samtliga bostäder",1758,1758,1905,1911,2163,2257,2203,2203
"2580 Luleå","inom 500 meter från hållplats","samtliga bostäder",34143,34396,34900,35505,36323,37085,37088,37741
"2581 Piteå","inom 500 meter från hållplats","samtliga bostäder",15086,15094,15346,15480,16300,16318,16467,16469
"2582 Boden","inom 500 meter från hållplats","samtliga bostäder",11925,11935,11859,11944,12498,12695,12592,12646
"2583 Haparanda","inom 500 meter från hållplats","samtliga bostäder",1886,1773,1863,1911,2703,2723,2720,3240
"2584 Kiruna","inom 500 meter från hållplats","samtliga bostäder",8479,8556,8545,8667,9482,9879,9924,9965
