"region","kön","ålder","inkomstklass","2014","2015","2016","2017","2018","2019","2020","2021"
"0114 Upplands Väsby","totalt","totalt 16+ år","totalt",262.6,271.7,281.0,288.3,294.9,300.1,303.7,311.5
"0115 Vallentuna","totalt","totalt 16+ år","totalt",292.9,300.1,309.9,318.9,327.6,334.4,340.0,351.2
"0117 Österåker","totalt","totalt 16+ år","totalt",284.4,291.6,299.0,308.4,316.2,323.3,331.3,340.7
"0120 Värmdö","totalt","totalt 16+ år","totalt",287.2,296.4,305.9,315.7,324.0,332.3,336.6,350.1
"0123 Järfälla","totalt","totalt 16+ år","totalt",265.2,272.6,282.7,291.0,298.9,304.9,308.0,316.6
"0125 Ekerö","totalt","totalt 16+ år","totalt",300.9,310.3,320.6,330.8,339.5,344.3,352.5,365.5
"0126 Huddinge","totalt","totalt 16+ år","totalt",261.3,270.5,281.3,289.8,297.3,304.7,307.4,318.3
"0127 Botkyrka","totalt","totalt 16+ år","totalt",223.0,231.3,240.4,248.8,256.4,260.8,264.1,272.2
"0128 Salem","totalt","totalt 16+ år","totalt",285.8,292.9,299.4,310.4,318.1,325.9,328.3,335.8
"0136 Haninge","totalt","totalt 16+ år","totalt",255.8,263.8,273.5,282.1,290.3,297.5,302.6,313.3
"0138 Tyresö","totalt","totalt 16+ år","totalt",284.6,294.7,303.5,312.3,319.8,327.0,332.2,343.4
"0139 Upplands-Bro","totalt","totalt 16+ år","totalt",263.8,271.7,279.6,289.5,297.2,301.5,305.1,312.9
"0140 Nykvarn","totalt","totalt 16+ år","totalt",298.4,310.0,320.2,332.3,340.5,350.5,353.3,367.3
"0160 Täby","totalt","totalt 16+ år","totalt",315.6,323.6,335.2,345.0,354.4,362.4,370.9,384.9
"0162 Danderyd","totalt","totalt 16+ år","totalt",321.5,332.2,343.3,354.6,362.2,375.8,383.5,400.0
"0163 Sollentuna","totalt","totalt 16+ år","totalt",292.5,302.0,311.9,321.1,327.7,334.8,341.9,353.0
"0180 Stockholm","totalt","totalt 16+ år","totalt",279.0,290.0,301.7,311.6,321.6,331.0,336.1,347.8
"0181 Södertälje","totalt","totalt 16+ år","totalt",225.8,233.0,241.9,250.3,261.5,268.0,269.7,275.1
"0182 Nacka","totalt","totalt 16+ år","totalt",301.4,312.4,322.3,332.0,342.0,352.2,358.7,373.3
"0183 Sundbyberg","totalt","totalt 16+ år","totalt",275.4,285.6,299.7,311.8,324.2,335.4,341.2,353.9
"0184 Solna","totalt","totalt 16+ år","totalt",293.0,304.1,316.1,328.4,339.8,350.9,358.0,371.5
"0186 Lidingö","totalt","totalt 16+ år","totalt",299.8,309.5,320.4,332.5,341.5,351.1,357.2,372.2
"0187 Vaxholm","totalt","totalt 16+ år","totalt",298.8,308.7,317.5,328.7,337.6,342.2,348.9,362.4
"0188 Norrtälje","totalt","totalt 16+ år","totalt",236.5,243.1,252.7,259.8,266.2,272.6,277.6,286.8
"0191 Sigtuna","totalt","totalt 16+ år","totalt",251.8,259.4,269.0,276.4,284.2,289.5,290.2,293.7
"0192 Nynäshamn","totalt","totalt 16+ år","totalt",247.2,255.3,265.9,272.0,278.9,286.0,291.1,300.2
"0305 Håbo","totalt","totalt 16+ år","totalt",277.7,287.0,295.7,303.0,310.8,318.7,323.9,331.4
"0319 Älvkarleby","totalt","totalt 16+ år","totalt",231.9,235.9,244.0,251.7,260.2,265.3,271.9,280.0
"0330 Knivsta","totalt","totalt 16+ år","totalt",300.0,308.1,319.7,328.7,337.7,344.9,349.5,354.3
"0331 Heby","totalt","totalt 16+ år","totalt",217.7,224.3,234.3,244.7,250.4,258.4,263.0,271.3
"0360 Tierp","totalt","totalt 16+ år","totalt",219.3,226.4,235.2,242.2,252.2,256.3,262.9,268.6
"0380 Uppsala","totalt","totalt 16+ år","totalt",248.3,258.3,268.8,276.3,282.5,289.4,292.7,299.6
"0381 Enköping","totalt","totalt 16+ år","totalt",248.2,257.2,265.7,272.9,280.5,286.9,291.6,300.3
"0382 Östhammar","totalt","totalt 16+ år","totalt",241.6,248.1,255.4,265.3,272.1,278.4,287.4,296.5
"0428 Vingåker","totalt","totalt 16+ år","totalt",220.6,226.2,232.2,238.2,241.1,248.9,254.1,261.0
"0461 Gnesta","totalt","totalt 16+ år","totalt",243.7,251.0,259.5,269.5,276.4,281.4,285.5,293.4
"0480 Nyköping","totalt","totalt 16+ år","totalt",246.6,254.2,262.3,270.4,277.9,283.6,286.2,294.6
"0481 Oxelösund","totalt","totalt 16+ år","totalt",240.2,243.8,250.1,257.4,264.7,270.7,273.9,279.2
"0482 Flen","totalt","totalt 16+ år","totalt",211.1,215.6,221.9,225.7,229.6,236.2,241.6,248.1
"0483 Katrineholm","totalt","totalt 16+ år","totalt",223.7,230.9,239.2,246.3,251.8,256.8,264.0,272.0
"0484 Eskilstuna","totalt","totalt 16+ år","totalt",223.7,231.6,240.7,247.3,253.1,257.6,261.8,270.6
"0486 Strängnäs","totalt","totalt 16+ år","totalt",256.0,265.5,274.9,283.2,291.0,296.0,302.0,310.9
"0488 Trosa","totalt","totalt 16+ år","totalt",268.8,277.6,288.4,294.3,304.0,312.1,318.5,327.5
"0509 Ödeshög","totalt","totalt 16+ år","totalt",210.9,215.3,226.5,231.8,242.9,250.2,258.5,266.8
"0512 Ydre","totalt","totalt 16+ år","totalt",222.8,230.1,240.2,249.8,257.5,260.0,271.8,278.0
"0513 Kinda","totalt","totalt 16+ år","totalt",226.8,234.5,244.0,253.7,262.7,266.9,274.3,282.7
"0560 Boxholm","totalt","totalt 16+ år","totalt",231.9,241.3,253.8,260.8,267.9,273.0,280.6,290.2
"0561 Åtvidaberg","totalt","totalt 16+ år","totalt",227.5,234.8,244.9,251.0,260.0,267.7,272.6,281.1
"0562 Finspång","totalt","totalt 16+ år","totalt",230.2,236.8,247.1,255.9,263.0,268.8,276.3,284.8
"0563 Valdemarsvik","totalt","totalt 16+ år","totalt",213.4,220.7,227.8,233.5,235.4,241.4,249.3,259.0
"0580 Linköping","totalt","totalt 16+ år","totalt",238.8,249.5,259.8,268.3,275.2,285.5,288.6,298.3
"0581 Norrköping","totalt","totalt 16+ år","totalt",231.3,239.1,249.0,256.8,265.1,272.0,278.5,288.9
"0582 Söderköping","totalt","totalt 16+ år","totalt",242.8,254.0,264.0,273.9,280.9,284.9,293.0,305.1
"0583 Motala","totalt","totalt 16+ år","totalt",227.1,234.4,242.1,249.2,256.3,263.3,269.0,278.1
"0584 Vadstena","totalt","totalt 16+ år","totalt",229.3,238.6,244.4,253.4,261.3,267.6,275.9,283.8
"0586 Mjölby","totalt","totalt 16+ år","totalt",237.6,246.4,259.1,267.5,275.6,285.0,291.6,302.2
"0604 Aneby","totalt","totalt 16+ år","totalt",237.5,242.8,256.2,265.8,270.5,278.6,284.8,292.8
"0617 Gnosjö","totalt","totalt 16+ år","totalt",252.8,263.0,268.8,279.3,288.7,294.0,294.9,307.4
"0642 Mullsjö","totalt","totalt 16+ år","totalt",238.5,247.3,257.5,261.3,272.5,278.4,281.8,292.3
"0643 Habo","totalt","totalt 16+ år","totalt",269.3,277.1,286.8,296.8,304.9,313.4,319.6,328.5
"0662 Gislaved","totalt","totalt 16+ år","totalt",247.8,255.2,266.3,274.9,282.9,288.3,292.4,303.1
"0665 Vaggeryd","totalt","totalt 16+ år","totalt",255.0,262.0,271.9,280.8,288.3,295.1,297.9,309.7
"0680 Jönköping","totalt","totalt 16+ år","totalt",250.2,258.6,268.9,278.8,288.0,294.3,298.4,308.5
"0682 Nässjö","totalt","totalt 16+ år","totalt",233.6,240.7,251.1,260.5,266.5,271.9,276.4,285.9
"0683 Värnamo","totalt","totalt 16+ år","totalt",256.2,263.5,273.7,283.2,292.8,298.5,301.7,312.3
"0684 Sävsjö","totalt","totalt 16+ år","totalt",226.4,236.6,245.1,256.3,263.1,266.7,267.3,275.4
"0685 Vetlanda","totalt","totalt 16+ år","totalt",240.4,247.8,256.8,266.2,270.7,275.4,278.7,289.3
"0686 Eksjö","totalt","totalt 16+ år","totalt",241.0,249.1,258.6,263.5,267.6,275.1,279.3,287.4
"0687 Tranås","totalt","totalt 16+ år","totalt",223.1,231.7,240.3,249.8,257.5,263.8,263.7,272.7
"0760 Uppvidinge","totalt","totalt 16+ år","totalt",227.8,234.9,243.1,251.9,259.2,264.3,269.4,277.9
"0761 Lessebo","totalt","totalt 16+ år","totalt",218.4,220.1,230.5,235.5,240.5,246.4,250.1,258.8
"0763 Tingsryd","totalt","totalt 16+ år","totalt",215.0,220.4,230.2,238.1,245.1,252.8,256.1,263.8
"0764 Alvesta","totalt","totalt 16+ år","totalt",233.8,240.7,250.6,257.7,263.2,269.9,270.5,277.7
"0765 Älmhult","totalt","totalt 16+ år","totalt",247.1,257.3,267.6,273.0,278.6,287.7,292.9,303.0
"0767 Markaryd","totalt","totalt 16+ år","totalt",214.4,222.0,230.7,233.7,241.9,247.4,251.1,265.4
"0780 Växjö","totalt","totalt 16+ år","totalt",245.7,253.4,263.2,271.2,278.8,284.2,286.7,295.3
"0781 Ljungby","totalt","totalt 16+ år","totalt",234.3,243.2,253.1,261.6,268.1,274.0,277.8,287.2
"0821 Högsby","totalt","totalt 16+ år","totalt",201.1,208.3,214.8,218.5,224.6,228.5,236.5,242.6
"0834 Torsås","totalt","totalt 16+ år","totalt",213.2,222.1,227.2,234.9,241.0,246.7,254.3,262.1
"0840 Mörbylånga","totalt","totalt 16+ år","totalt",243.2,250.8,260.5,267.4,274.7,282.4,290.3,299.4
"0860 Hultsfred","totalt","totalt 16+ år","totalt",213.3,221.7,228.7,233.0,237.5,245.1,248.6,258.1
"0861 Mönsterås","totalt","totalt 16+ år","totalt",233.5,241.6,250.5,258.2,262.3,269.7,274.4,284.2
"0862 Emmaboda","totalt","totalt 16+ år","totalt",224.4,230.0,238.0,245.3,248.4,254.5,260.1,269.0
"0880 Kalmar","totalt","totalt 16+ år","totalt",241.1,251.0,261.2,269.9,279.4,285.8,290.1,299.9
"0881 Nybro","totalt","totalt 16+ år","totalt",219.6,225.1,233.6,238.0,243.3,252.0,255.9,265.8
"0882 Oskarshamn","totalt","totalt 16+ år","totalt",255.6,264.4,276.6,283.0,288.4,289.9,292.3,303.2
"0883 Västervik","totalt","totalt 16+ år","totalt",224.4,231.5,239.4,246.6,251.9,257.5,262.9,271.0
"0884 Vimmerby","totalt","totalt 16+ år","totalt",233.1,241.0,248.7,256.2,263.0,271.3,276.4,286.0
"0885 Borgholm","totalt","totalt 16+ år","totalt",207.3,217.0,224.8,232.3,235.1,241.0,249.4,258.4
"0980 Gotland","totalt","totalt 16+ år","totalt",218.9,228.0,236.8,244.6,250.9,257.0,263.9,272.9
"1060 Olofström","totalt","totalt 16+ år","totalt",223.8,231.2,241.6,252.1,256.6,258.7,264.1,269.7
"1080 Karlskrona","totalt","totalt 16+ år","totalt",236.8,244.0,252.4,262.2,268.4,275.6,282.7,292.6
"1081 Ronneby","totalt","totalt 16+ år","totalt",223.4,228.3,236.5,243.1,245.4,250.9,258.2,266.0
"1082 Karlshamn","totalt","totalt 16+ år","totalt",228.9,235.4,245.8,254.2,261.0,265.2,271.6,280.2
"1083 Sölvesborg","totalt","totalt 16+ år","totalt",226.9,236.3,244.5,251.7,260.5,266.2,274.2,283.6
"1214 Svalöv","totalt","totalt 16+ år","totalt",229.8,238.6,248.5,254.7,263.4,270.4,280.7,287.7
"1230 Staffanstorp","totalt","totalt 16+ år","totalt",276.9,285.6,294.0,301.9,311.4,321.6,327.5,339.1
"1231 Burlöv","totalt","totalt 16+ år","totalt",223.8,229.5,240.0,246.7,253.0,258.2,266.3,276.5
"1233 Vellinge","totalt","totalt 16+ år","totalt",287.0,297.4,305.9,317.8,328.9,338.8,348.4,360.5
"1256 Östra Göinge","totalt","totalt 16+ år","totalt",218.5,223.4,230.4,234.0,238.8,244.8,248.6,258.6
"1257 Örkelljunga","totalt","totalt 16+ år","totalt",211.3,217.9,229.1,236.8,241.0,245.5,253.4,263.3
"1260 Bjuv","totalt","totalt 16+ år","totalt",223.3,230.7,239.3,244.0,249.1,255.4,261.6,271.1
"1261 Kävlinge","totalt","totalt 16+ år","totalt",272.3,281.4,290.7,299.7,308.3,315.2,323.8,335.3
"1262 Lomma","totalt","totalt 16+ år","totalt",307.3,317.4,329.2,340.4,349.0,361.0,368.9,384.0
"1263 Svedala","totalt","totalt 16+ år","totalt",272.0,280.5,288.1,298.0,305.2,315.6,321.1,334.3
"1264 Skurup","totalt","totalt 16+ år","totalt",237.2,246.3,254.7,261.0,267.7,275.4,284.7,298.0
"1265 Sjöbo","totalt","totalt 16+ år","totalt",226.8,236.6,245.0,250.9,257.5,264.9,274.5,284.6
"1266 Hörby","totalt","totalt 16+ år","totalt",224.8,234.1,241.9,248.3,253.5,264.5,273.9,283.5
"1267 Höör","totalt","totalt 16+ år","totalt",243.7,250.3,260.8,269.3,275.0,281.1,288.5,297.6
"1270 Tomelilla","totalt","totalt 16+ år","totalt",213.9,222.6,231.8,237.6,240.2,245.7,250.7,260.2
"1272 Bromölla","totalt","totalt 16+ år","totalt",227.9,236.3,244.8,252.8,258.8,265.2,269.8,278.7
"1273 Osby","totalt","totalt 16+ år","totalt",218.0,225.0,233.9,241.5,250.4,256.4,262.5,274.1
"1275 Perstorp","totalt","totalt 16+ år","totalt",204.7,206.0,216.5,223.6,226.7,230.4,231.8,242.4
"1276 Klippan","totalt","totalt 16+ år","totalt",214.4,219.9,229.2,235.2,241.4,247.6,256.4,265.5
"1277 Åstorp","totalt","totalt 16+ år","totalt",220.3,229.9,239.0,242.5,251.2,257.6,265.2,275.6
"1278 Båstad","totalt","totalt 16+ år","totalt",230.9,241.2,250.6,258.8,265.5,273.0,283.8,296.9
"1280 Malmö","totalt","totalt 16+ år","totalt",213.9,223.0,234.5,242.2,249.0,258.3,264.3,275.0
"1281 Lund","totalt","totalt 16+ år","totalt",232.3,241.8,252.2,259.2,265.3,269.5,273.0,279.3
"1282 Landskrona","totalt","totalt 16+ år","totalt",214.4,221.4,231.1,238.5,244.7,254.3,262.0,272.2
"1283 Helsingborg","totalt","totalt 16+ år","totalt",235.3,243.0,253.8,261.0,268.8,275.2,280.1,290.2
"1284 Höganäs","totalt","totalt 16+ år","totalt",250.0,258.2,266.3,274.6,280.8,285.8,294.7,305.3
"1285 Eslöv","totalt","totalt 16+ år","totalt",236.1,245.4,253.7,261.0,267.8,273.6,281.5,291.3
"1286 Ystad","totalt","totalt 16+ år","totalt",238.6,247.9,256.8,262.1,269.8,276.8,283.2,294.1
"1287 Trelleborg","totalt","totalt 16+ år","totalt",234.1,241.8,252.5,259.7,267.0,275.9,283.0,292.1
"1290 Kristianstad","totalt","totalt 16+ år","totalt",227.0,234.9,245.4,253.3,259.3,265.5,272.1,280.7
"1291 Simrishamn","totalt","totalt 16+ år","totalt",212.8,220.1,229.2,235.2,239.4,243.7,254.2,263.8
"1292 Ängelholm","totalt","totalt 16+ år","totalt",244.5,252.2,263.4,272.2,279.2,286.7,294.9,306.9
"1293 Hässleholm","totalt","totalt 16+ år","totalt",217.4,225.4,235.9,242.4,246.6,253.1,259.1,268.6
"1315 Hylte","totalt","totalt 16+ år","totalt",232.1,236.8,245.4,249.2,256.2,259.3,263.1,272.2
"1380 Halmstad","totalt","totalt 16+ år","totalt",240.0,247.8,259.2,266.5,273.7,280.6,285.0,293.7
"1381 Laholm","totalt","totalt 16+ år","totalt",228.5,236.6,244.6,252.2,258.6,263.8,272.6,282.9
"1382 Falkenberg","totalt","totalt 16+ år","totalt",236.7,244.1,252.4,258.9,268.2,274.3,280.2,287.1
"1383 Varberg","totalt","totalt 16+ år","totalt",251.2,262.5,272.3,280.1,289.6,295.3,301.9,311.4
"1384 Kungsbacka","totalt","totalt 16+ år","totalt",285.2,295.4,307.0,316.7,324.5,333.0,340.2,351.8
"1401 Härryda","totalt","totalt 16+ år","totalt",291.9,302.4,313.6,326.1,336.0,345.0,351.2,361.7
"1402 Partille","totalt","totalt 16+ år","totalt",277.2,289.1,300.8,312.3,320.4,329.0,333.7,344.3
"1407 Öckerö","totalt","totalt 16+ år","totalt",265.2,275.7,287.6,298.0,304.7,311.9,316.4,324.1
"1415 Stenungsund","totalt","totalt 16+ år","totalt",275.2,285.5,296.5,304.5,312.8,321.7,325.2,338.0
"1419 Tjörn","totalt","totalt 16+ år","totalt",262.2,273.8,285.5,295.5,301.8,310.1,316.0,327.8
"1421 Orust","totalt","totalt 16+ år","totalt",238.4,247.1,257.3,264.4,273.5,278.5,283.5,292.2
"1427 Sotenäs","totalt","totalt 16+ år","totalt",244.9,256.7,267.5,273.1,282.6,292.1,295.6,303.3
"1430 Munkedal","totalt","totalt 16+ år","totalt",224.0,235.6,246.2,251.0,255.7,264.2,268.8,279.2
"1435 Tanum","totalt","totalt 16+ år","totalt",226.9,242.4,252.5,257.5,261.1,269.5,275.0,282.9
"1438 Dals-Ed","totalt","totalt 16+ år","totalt",208.4,223.2,230.1,239.1,242.5,249.4,255.7,262.1
"1439 Färgelanda","totalt","totalt 16+ år","totalt",215.8,225.8,233.3,243.3,248.6,253.8,259.1,265.2
"1440 Ale","totalt","totalt 16+ år","totalt",262.4,274.0,285.5,296.1,304.8,313.5,316.7,326.2
"1441 Lerum","totalt","totalt 16+ år","totalt",283.6,295.0,307.1,316.1,324.8,333.3,339.2,351.6
"1442 Vårgårda","totalt","totalt 16+ år","totalt",238.2,249.2,257.0,268.0,276.1,281.6,291.5,303.3
"1443 Bollebygd","totalt","totalt 16+ år","totalt",264.7,273.2,283.5,294.6,306.3,310.7,315.3,326.1
"1444 Grästorp","totalt","totalt 16+ år","totalt",230.7,240.7,253.5,256.2,268.0,274.0,280.0,287.5
"1445 Essunga","totalt","totalt 16+ år","totalt",224.3,230.6,240.3,245.5,252.4,258.3,266.0,277.4
"1446 Karlsborg","totalt","totalt 16+ år","totalt",235.1,239.4,247.4,255.9,263.2,270.2,278.0,288.2
"1447 Gullspång","totalt","totalt 16+ år","totalt",207.8,215.8,223.5,227.5,233.0,238.0,243.1,248.3
"1452 Tranemo","totalt","totalt 16+ år","totalt",243.2,250.3,258.7,267.9,277.0,281.5,290.4,299.9
"1460 Bengtsfors","totalt","totalt 16+ år","totalt",211.4,223.4,231.4,235.9,242.1,246.3,247.0,255.8
"1461 Mellerud","totalt","totalt 16+ år","totalt",202.3,215.1,223.3,227.2,236.2,243.0,251.3,255.1
"1462 Lilla Edet","totalt","totalt 16+ år","totalt",238.5,246.7,258.0,270.4,277.2,284.9,290.2,301.1
"1463 Mark","totalt","totalt 16+ år","totalt",235.8,245.0,254.4,263.3,269.4,276.0,282.0,291.9
"1465 Svenljunga","totalt","totalt 16+ år","totalt",227.4,231.9,242.5,247.2,256.2,262.0,269.6,279.1
"1466 Herrljunga","totalt","totalt 16+ år","totalt",227.9,239.7,248.2,257.3,261.9,270.1,277.5,286.0
"1470 Vara","totalt","totalt 16+ år","totalt",224.3,232.7,243.9,251.8,259.0,266.1,271.7,280.3
"1471 Götene","totalt","totalt 16+ år","totalt",238.8,247.2,259.5,267.6,272.8,281.1,288.0,298.2
"1472 Tibro","totalt","totalt 16+ år","totalt",218.8,227.9,237.7,246.2,254.4,258.3,264.0,274.1
"1473 Töreboda","totalt","totalt 16+ år","totalt",209.6,216.0,224.3,230.3,238.3,243.4,245.4,254.7
"1480 Göteborg","totalt","totalt 16+ år","totalt",243.5,255.3,268.1,278.4,287.9,295.7,299.1,308.5
"1481 Mölndal","totalt","totalt 16+ år","totalt",281.3,291.9,304.0,313.6,325.1,336.0,342.1,353.3
"1482 Kungälv","totalt","totalt 16+ år","totalt",272.7,283.0,296.3,306.0,315.0,323.3,327.9,341.0
"1484 Lysekil","totalt","totalt 16+ år","totalt",234.7,243.7,253.6,259.4,266.3,272.9,279.2,289.2
"1485 Uddevalla","totalt","totalt 16+ år","totalt",236.8,246.8,258.6,267.6,274.6,279.3,285.5,293.0
"1486 Strömstad","totalt","totalt 16+ år","totalt",235.0,267.6,274.7,280.2,289.0,297.9,291.0,295.6
"1487 Vänersborg","totalt","totalt 16+ år","totalt",235.2,243.5,253.3,261.1,269.8,273.3,279.1,286.0
"1488 Trollhättan","totalt","totalt 16+ år","totalt",227.2,238.2,250.5,259.8,268.0,274.6,279.1,286.4
"1489 Alingsås","totalt","totalt 16+ år","totalt",249.1,257.6,267.5,276.3,284.6,292.6,297.3,306.7
"1490 Borås","totalt","totalt 16+ år","totalt",239.9,249.2,258.9,267.1,275.7,281.7,284.2,293.6
"1491 Ulricehamn","totalt","totalt 16+ år","totalt",242.5,249.6,260.9,267.2,276.8,281.3,286.9,297.3
"1492 Åmål","totalt","totalt 16+ år","totalt",214.0,220.4,224.8,233.4,238.8,245.9,250.6,260.9
"1493 Mariestad","totalt","totalt 16+ år","totalt",229.9,238.6,250.4,260.7,265.9,273.2,278.6,289.5
"1494 Lidköping","totalt","totalt 16+ år","totalt",242.6,252.6,264.0,273.9,282.8,289.1,295.1,304.9
"1495 Skara","totalt","totalt 16+ år","totalt",231.9,240.5,251.8,261.5,269.4,274.5,280.6,289.3
"1496 Skövde","totalt","totalt 16+ år","totalt",251.7,261.5,270.7,279.5,290.1,296.5,300.2,310.7
"1497 Hjo","totalt","totalt 16+ år","totalt",229.7,237.8,247.8,256.5,264.9,271.4,274.3,287.3
"1498 Tidaholm","totalt","totalt 16+ år","totalt",228.9,236.8,246.3,253.1,262.5,269.9,274.9,284.8
"1499 Falköping","totalt","totalt 16+ år","totalt",227.9,234.6,244.2,254.1,261.3,266.2,270.4,278.1
"1715 Kil","totalt","totalt 16+ år","totalt",237.8,247.4,257.6,265.1,274.5,279.8,284.2,292.1
"1730 Eda","totalt","totalt 16+ år","totalt",203.4,238.3,244.4,247.9,256.9,263.2,262.9,266.9
"1737 Torsby","totalt","totalt 16+ år","totalt",219.2,230.4,238.4,244.7,252.4,261.5,265.9,274.2
"1760 Storfors","totalt","totalt 16+ år","totalt",221.6,230.1,240.1,245.8,252.9,260.5,265.6,270.7
"1761 Hammarö","totalt","totalt 16+ år","totalt",284.0,292.1,302.4,315.0,323.7,330.4,335.8,348.5
"1762 Munkfors","totalt","totalt 16+ år","totalt",209.2,222.8,230.3,233.3,241.5,247.9,253.1,259.8
"1763 Forshaga","totalt","totalt 16+ år","totalt",230.8,242.9,251.9,261.4,264.9,271.1,274.9,285.8
"1764 Grums","totalt","totalt 16+ år","totalt",223.6,232.3,241.6,250.0,255.6,264.3,268.5,275.5
"1765 Årjäng","totalt","totalt 16+ år","totalt",216.0,250.6,256.9,257.9,263.1,276.9,276.1,281.3
"1766 Sunne","totalt","totalt 16+ år","totalt",222.5,233.6,244.1,251.1,260.6,265.7,269.8,282.5
"1780 Karlstad","totalt","totalt 16+ år","totalt",242.6,253.9,263.2,271.0,278.7,285.3,287.7,297.5
"1781 Kristinehamn","totalt","totalt 16+ år","totalt",219.2,227.9,234.9,243.1,250.1,254.5,258.4,265.2
"1782 Filipstad","totalt","totalt 16+ år","totalt",208.2,211.9,218.9,225.2,228.3,231.9,236.8,245.7
"1783 Hagfors","totalt","totalt 16+ år","totalt",220.9,228.6,239.2,245.3,251.0,256.8,258.0,263.4
"1784 Arvika","totalt","totalt 16+ år","totalt",225.2,238.2,245.5,252.2,258.0,266.1,270.2,277.5
"1785 Säffle","totalt","totalt 16+ år","totalt",210.5,219.7,229.1,233.9,239.8,246.3,250.1,255.5
"1814 Lekeberg","totalt","totalt 16+ år","totalt",243.8,254.9,264.2,275.2,285.0,292.3,294.5,304.6
"1860 Laxå","totalt","totalt 16+ år","totalt",217.5,226.8,233.9,241.9,248.7,248.7,258.0,265.5
"1861 Hallsberg","totalt","totalt 16+ år","totalt",232.4,237.7,246.2,254.3,258.7,264.5,270.8,281.6
"1862 Degerfors","totalt","totalt 16+ år","totalt",222.6,227.9,237.0,242.8,245.5,252.3,258.0,264.8
"1863 Hällefors","totalt","totalt 16+ år","totalt",211.8,216.4,227.6,231.6,236.5,239.7,245.5,252.7
"1864 Ljusnarsberg","totalt","totalt 16+ år","totalt",204.2,208.5,215.9,217.8,223.2,226.6,229.1,240.3
"1880 Örebro","totalt","totalt 16+ år","totalt",238.6,246.8,256.3,263.6,269.3,275.5,281.1,289.2
"1881 Kumla","totalt","totalt 16+ år","totalt",246.0,253.0,262.7,270.5,278.4,284.9,290.0,300.3
"1882 Askersund","totalt","totalt 16+ år","totalt",235.6,240.9,248.6,256.0,265.0,270.5,274.4,285.1
"1883 Karlskoga","totalt","totalt 16+ år","totalt",233.3,239.3,246.4,253.2,262.1,269.6,278.1,288.8
"1884 Nora","totalt","totalt 16+ år","totalt",230.7,236.6,244.2,252.4,258.2,265.6,272.6,280.9
"1885 Lindesberg","totalt","totalt 16+ år","totalt",230.1,236.7,244.9,253.1,259.1,262.7,266.8,275.8
"1904 Skinnskatteberg","totalt","totalt 16+ år","totalt",223.4,227.4,236.5,242.9,250.3,255.2,258.0,266.1
"1907 Surahammar","totalt","totalt 16+ år","totalt",235.0,242.0,250.0,254.7,263.6,270.3,276.0,286.4
"1960 Kungsör","totalt","totalt 16+ år","totalt",232.3,237.5,245.6,246.7,254.5,263.1,267.6,279.1
"1961 Hallstahammar","totalt","totalt 16+ år","totalt",229.1,238.4,247.3,255.5,262.3,269.0,275.9,282.7
"1962 Norberg","totalt","totalt 16+ år","totalt",228.2,234.4,247.0,252.5,257.0,256.9,261.1,267.2
"1980 Västerås","totalt","totalt 16+ år","totalt",247.8,256.2,265.9,272.9,281.0,287.8,292.8,301.0
"1981 Sala","totalt","totalt 16+ år","totalt",228.5,235.6,244.3,251.6,259.8,265.5,273.1,279.4
"1982 Fagersta","totalt","totalt 16+ år","totalt",237.2,240.6,247.1,256.3,261.2,266.4,271.8,277.8
"1983 Köping","totalt","totalt 16+ år","totalt",229.9,238.3,247.9,254.8,260.7,266.5,270.2,280.0
"1984 Arboga","totalt","totalt 16+ år","totalt",223.8,230.5,239.9,246.8,253.4,258.2,262.6,271.3
"2021 Vansbro","totalt","totalt 16+ år","totalt",211.0,220.3,229.2,235.1,240.7,248.5,254.8,263.8
"2023 Malung-Sälen","totalt","totalt 16+ år","totalt",226.7,237.9,248.1,255.8,262.4,268.8,274.3,283.9
"2026 Gagnef","totalt","totalt 16+ år","totalt",240.6,245.5,254.1,261.8,270.0,274.6,282.7,291.3
"2029 Leksand","totalt","totalt 16+ år","totalt",234.0,242.5,252.3,256.5,262.3,267.3,272.9,282.3
"2031 Rättvik","totalt","totalt 16+ år","totalt",217.8,224.8,234.5,241.5,249.6,253.6,258.6,265.7
"2034 Orsa","totalt","totalt 16+ år","totalt",208.6,219.7,231.5,234.7,241.5,247.4,252.1,260.1
"2039 Älvdalen","totalt","totalt 16+ år","totalt",218.7,230.4,243.5,244.9,252.2,258.3,263.7,269.5
"2061 Smedjebacken","totalt","totalt 16+ år","totalt",242.0,246.0,254.7,264.9,271.4,274.1,280.8,287.2
"2062 Mora","totalt","totalt 16+ år","totalt",238.6,247.1,256.1,264.8,270.6,278.0,281.1,285.7
"2080 Falun","totalt","totalt 16+ år","totalt",251.3,259.3,268.1,276.1,283.8,290.2,297.0,307.5
"2081 Borlänge","totalt","totalt 16+ år","totalt",237.5,245.7,252.9,259.8,265.5,271.6,276.2,283.0
"2082 Säter","totalt","totalt 16+ år","totalt",244.8,254.0,263.5,270.4,276.3,281.6,285.7,293.0
"2083 Hedemora","totalt","totalt 16+ år","totalt",227.6,234.7,244.3,247.8,254.2,257.7,263.1,272.3
"2084 Avesta","totalt","totalt 16+ år","totalt",235.2,239.0,245.5,251.1,257.7,264.6,272.1,280.4
"2085 Ludvika","totalt","totalt 16+ år","totalt",236.4,242.2,248.2,254.1,258.4,262.0,268.1,278.4
"2101 Ockelbo","totalt","totalt 16+ år","totalt",219.8,224.6,232.5,239.9,242.1,248.3,254.1,261.1
"2104 Hofors","totalt","totalt 16+ år","totalt",237.4,241.9,252.0,258.4,265.1,269.6,274.2,283.1
"2121 Ovanåker","totalt","totalt 16+ år","totalt",220.5,229.5,236.8,243.8,252.0,256.9,260.6,270.9
"2132 Nordanstig","totalt","totalt 16+ år","totalt",216.9,225.9,234.2,242.3,245.5,249.5,254.5,263.3
"2161 Ljusdal","totalt","totalt 16+ år","totalt",219.3,224.1,231.4,237.5,244.4,251.4,257.0,265.6
"2180 Gävle","totalt","totalt 16+ år","totalt",241.4,249.7,260.7,268.6,275.5,281.2,285.6,294.6
"2181 Sandviken","totalt","totalt 16+ år","totalt",235.2,239.8,246.3,250.5,256.6,262.5,268.2,275.9
"2182 Söderhamn","totalt","totalt 16+ år","totalt",222.3,227.8,237.5,244.4,249.6,253.4,260.5,267.9
"2183 Bollnäs","totalt","totalt 16+ år","totalt",221.5,227.6,235.4,243.2,248.6,253.4,257.6,265.4
"2184 Hudiksvall","totalt","totalt 16+ år","totalt",233.3,240.1,247.5,256.9,263.7,268.9,274.7,284.5
"2260 Ånge","totalt","totalt 16+ år","totalt",225.5,230.0,241.5,245.5,252.5,259.7,266.5,271.7
"2262 Timrå","totalt","totalt 16+ år","totalt",242.5,249.5,258.6,267.8,274.1,280.6,286.0,297.4
"2280 Härnösand","totalt","totalt 16+ år","totalt",229.2,233.9,241.8,247.7,253.2,257.0,263.0,272.2
"2281 Sundsvall","totalt","totalt 16+ år","totalt",254.7,263.9,272.9,281.0,288.4,296.0,301.4,309.0
"2282 Kramfors","totalt","totalt 16+ år","totalt",220.3,226.8,232.9,239.5,243.9,245.8,252.6,263.0
"2283 Sollefteå","totalt","totalt 16+ år","totalt",217.0,222.6,231.8,237.9,241.9,245.6,254.3,261.9
"2284 Örnsköldsvik","totalt","totalt 16+ år","totalt",244.9,252.8,261.9,266.7,273.4,279.5,284.6,294.4
"2303 Ragunda","totalt","totalt 16+ år","totalt",214.6,220.2,227.8,233.5,237.6,243.6,251.7,261.1
"2305 Bräcke","totalt","totalt 16+ år","totalt",211.9,216.1,225.0,232.6,236.6,240.0,251.0,258.2
"2309 Krokom","totalt","totalt 16+ år","totalt",245.0,254.0,264.2,272.6,280.3,286.5,293.8,304.2
"2313 Strömsund","totalt","totalt 16+ år","totalt",211.9,217.9,225.5,230.8,237.9,243.5,249.9,257.7
"2321 Åre","totalt","totalt 16+ år","totalt",226.5,239.5,249.8,260.2,268.4,275.5,278.4,289.5
"2326 Berg","totalt","totalt 16+ år","totalt",211.3,219.3,228.5,230.9,236.8,241.7,250.2,258.0
"2361 Härjedalen","totalt","totalt 16+ år","totalt",217.2,228.2,239.0,245.9,248.0,254.7,260.6,269.6
"2380 Östersund","totalt","totalt 16+ år","totalt",241.9,249.8,258.9,267.0,274.7,279.2,284.9,293.4
"2401 Nordmaling","totalt","totalt 16+ år","totalt",221.1,230.9,240.9,245.4,252.8,258.2,263.4,272.5
"2403 Bjurholm","totalt","totalt 16+ år","totalt",201.6,211.2,218.6,227.0,230.7,235.0,243.5,252.7
"2404 Vindeln","totalt","totalt 16+ år","totalt",221.4,226.8,238.2,242.8,250.8,255.6,261.9,270.5
"2409 Robertsfors","totalt","totalt 16+ år","totalt",233.0,238.5,246.3,252.0,259.0,264.8,275.4,282.3
"2417 Norsjö","totalt","totalt 16+ år","totalt",226.4,230.8,241.8,244.7,251.6,258.7,267.1,276.3
"2418 Malå","totalt","totalt 16+ år","totalt",239.0,242.0,253.5,257.9,264.3,265.6,266.2,275.2
"2421 Storuman","totalt","totalt 16+ år","totalt",215.2,224.5,234.5,244.4,247.4,256.0,258.8,264.5
"2422 Sorsele","totalt","totalt 16+ år","totalt",213.9,225.7,233.3,240.7,254.8,249.3,257.6,263.9
"2425 Dorotea","totalt","totalt 16+ år","totalt",215.7,222.3,230.0,232.5,241.5,245.0,249.7,265.4
"2460 Vännäs","totalt","totalt 16+ år","totalt",236.1,245.8,252.4,257.2,263.3,274.1,281.9,292.2
"2462 Vilhelmina","totalt","totalt 16+ år","totalt",210.9,220.4,231.0,236.8,243.9,245.0,247.0,252.8
"2463 Åsele","totalt","totalt 16+ år","totalt",206.6,210.8,218.0,219.2,225.2,234.5,241.5,247.4
"2480 Umeå","totalt","totalt 16+ år","totalt",248.9,257.5,266.7,274.4,280.8,286.3,291.1,300.8
"2481 Lycksele","totalt","totalt 16+ år","totalt",233.6,240.8,248.2,251.4,260.1,267.2,275.9,285.3
"2482 Skellefteå","totalt","totalt 16+ år","totalt",242.6,251.7,261.8,270.1,277.4,286.3,290.7,301.4
"2505 Arvidsjaur","totalt","totalt 16+ år","totalt",235.8,241.6,254.4,257.5,267.3,273.8,278.3,286.0
"2506 Arjeplog","totalt","totalt 16+ år","totalt",226.7,240.3,253.7,260.2,260.5,265.3,270.3,283.5
"2510 Jokkmokk","totalt","totalt 16+ år","totalt",227.8,232.7,243.5,249.4,256.4,261.2,270.8,278.8
"2513 Överkalix","totalt","totalt 16+ år","totalt",217.0,224.4,233.2,237.8,243.2,246.0,255.1,262.4
"2514 Kalix","totalt","totalt 16+ år","totalt",233.6,241.2,249.3,257.5,265.7,270.9,277.5,284.8
"2518 Övertorneå","totalt","totalt 16+ år","totalt",207.5,215.6,223.1,228.1,231.3,236.5,245.8,250.3
"2521 Pajala","totalt","totalt 16+ år","totalt",225.7,221.0,231.0,232.1,237.9,248.1,256.8,264.7
"2523 Gällivare","totalt","totalt 16+ år","totalt",275.7,284.3,295.3,304.1,316.1,323.2,331.6,346.5
"2560 Älvsbyn","totalt","totalt 16+ år","totalt",225.3,232.1,241.5,246.7,253.0,259.7,264.6,273.3
"2580 Luleå","totalt","totalt 16+ år","totalt",255.5,264.0,273.7,280.3,288.1,296.2,300.9,311.1
"2581 Piteå","totalt","totalt 16+ år","totalt",249.6,258.6,268.3,275.5,283.5,291.0,296.2,306.8
"2582 Boden","totalt","totalt 16+ år","totalt",243.8,252.0,261.6,267.3,274.8,280.2,284.7,294.3
"2583 Haparanda","totalt","totalt 16+ år","totalt",212.3,217.4,226.0,229.5,234.3,239.9,246.4,250.6
"2584 Kiruna","totalt","totalt 16+ år","totalt",290.7,298.4,304.1,308.6,316.6,325.4,334.5,346.9
